8,Nguyễn Văn A,1930-01-01,nam,Đồng Nai,0,,,,TRUE
8,Phan Tư A (Phan Tư A),1943-12-27,nam,Nghĩa Bình,0,,,,TRUE
8,Nguyễn Quốc Ái (Nguyễn Quốc Ái),1945-01-01,nam,Hà Nam Ninh,0,,,,TRUE
8,Lường An,1938-01-01,nam,Sơn La,0,,,,TRUE
8,Dương Xuân An,1931-09-25,nam,Sông Bé,0,,,,TRUE
8,Trần Văn An,1925-05-04,nam,Nghĩa Bình,0,,,,TRUE
8,Dương Ngọc Ẩn (Ba Ẩn),1943-11-09,nam,Minh Hải,0,,,,TRUE
8,Dương Văn Ẩn (Mười Ẩn),1933-07-21,nam,Bến Tre,0,,,,TRUE
8,Lê Đức Anh (Lê Đức Anh),1920-12-01,nam,TP Hà Nội,0,,,,TRUE
8,Nguyễn Kim Anh,1956-06-10,Nữ,TP Hà Nội,0,,,,TRUE
8,Nguyễn Thị Lan Anh,1949-01-01,Nữ,Hà Sơn Bình,0,,,,TRUE
8,Phan Anh,1912-03-01,nam,Nghệ Tĩnh,0,,,,TRUE
8,Mai Ngọc Ánh,1940-01-01,Nữ,Phú Khánh,0,,,,TRUE
8,Hoàng Văn Áp (Hoàng Áp),1940-03-03,nam,Lạng Sơn,0,,,,TRUE
8,Nguyễn Văn Ấp,1932-08-01,nam,Long An,0,,,,TRUE
8,Linh mục Nguyễn Thái Bá,1924-11-21,nam,Thanh Hoá,0,,,,TRUE
8,Phạm Bái,1922-01-01,nam,TP Hải Phòng,0,,,,TRUE
8,Hà Văn Ban,1929-08-25,nam,Thanh Hoá,0,,,,TRUE
8,Đặng Quốc Bảo,1927-05-01,nam,Hà Nam Ninh,0,,,,TRUE
8,Nguyễn Duy Bật,1944-02-02,nam,Lai Châu,0,,,,TRUE
8,Nguyễn Văn Bầu,1949-10-03,nam,TP Hải Phòng,0,,,,TRUE
8,Hồ Văn Bảy,1939-01-01,nam,Bình Trị Thiên,0,,,,TRUE
8,Mai Văn Bảy,1933-12-19,nam,TP Hồ Chí Minh,0,,,,TRUE
8,Nguyễn Thị Bảy,1948-11-10,Nữ,Hà Nam Ninh,0,,,,TRUE
8,Đào Thị Biểu (Sáu Hòa),1937-07-01,Nữ,Cửu Long,0,,,,TRUE
8,Huỳnh Văn Bình,1935-12-19,nam,Đồng Nai,0,,,,TRUE
8,Lê Văn Bình,1934-05-15,nam,Minh Hải,0,,,,TRUE
8,Lò Thị Bình,1957-03-26,Nữ,Hoàng Liên Sơn,0,,,,TRUE
8,Mai Thanh Bình,1960-05-25,nam,Sông Bé,0,,,,TRUE
8,Nguyễn Thanh Bình,1918-05-04,nam,TP Hà Nội,0,,,,TRUE
8,Nguyễn Thị Bình,1927-05-26,Nữ,Quảng Nam-Đà Nẵng,0,,,,TRUE
8,Trần Bình,1937-05-03,nam,Nghĩa Bình,0,,,,TRUE
8,Nguyễn Văn Bộ,1943-01-01,nam,Bình Trị Thiên,0,,,,TRUE
8,Lê Hồng Bông (Ba Tình),1935-01-01,nam,Hậu Giang,0,,,,TRUE
8,Phạm Thế Bổng,1929-07-02,nam,TP Hà Nội,0,,,,TRUE
8,Lê Văn Bùi,1936-10-01,nam,TP Hà Nội,0,,,,TRUE
8,Nguyễn Thới Bưng (Út Thới),1927-01-01,nam,Hậu Giang,0,,,,TRUE
8,Tạ Cả,1931-05-05,nam,Phú Khánh,0,,,,TRUE
8,Phùng Sỹ Các,1936-12-15,nam,Thanh Hoá,0,,,,TRUE
8,Đinh Thị Cẩm,1940-01-01,Nữ,Hậu Giang,0,,,,TRUE
8,Nguyễn Kỳ Cẩm,1929-12-19,nam,Nghệ Tĩnh,0,,,,TRUE
8,Cù Huy Cận,1919-05-31,nam,Nghệ Tĩnh,0,,,,TRUE
8,Đoàn Văn Câu,1946-07-27,nam,Nghĩa Bình,0,,,,TRUE
8,Nguyễn Văn Cầu (Hai Cầu),1928-01-01,nam,Kiên Giang,0,,,,TRUE
8,Nguyễn Thị Cậy,1949-10-10,Nữ,Thanh Hoá,0,,,,TRUE
8,Hoàng Thị Chải,1938-01-01,Nữ,Vĩnh Phú,0,,,,TRUE
8,Lữ Minh Châu,1929-09-29,nam,TP Hồ Chí Minh,0,,,,TRUE
8,Ngô Minh Châu,1940-02-01,nam,An Giang,0,,,,TRUE
8,Nguyễn Minh Châu,1921-01-01,nam,TP Hồ Chí Minh,0,,,,TRUE
8,Nguyễn Thanh Châu,1948-06-12,nam,Đồng Nai,0,,,,TRUE
8,Hoà thượng Thích Minh Châu,1930-10-20,nam,TP Hồ Chí Minh,0,,,,TRUE
8,Trần Văn Châu (Trần Văn Ra),1931-12-22,nam,Sông Bé,0,,,,TRUE
8,Phạm Văn Chi,1946-01-01,nam,Phú Khánh,0,,,,TRUE
8,Nghiêm Xuân Chiến,1942-11-17,nam,Hà Nam Ninh,0,,,,TRUE
8,Lâm Minh Chiếu,1953-01-01,nam,An Giang,0,,,,TRUE
8,Nguyễn Đông Chinh (Tùng Linh),1935-01-01,nam,Phú Khánh,0,,,,TRUE
8,Hoàng Văn Chính,1933-05-05,nam,Hà Bắc,0,,,,TRUE
8,Nguyễn Văn Chính (Chín Cần),1924-03-01,nam,Long An,0,,,,TRUE
8,Phạm Minh Chính,1943-01-01,nam,Đắc Lắk,0,,,,TRUE
8,Nguyễn Chơn,1928-01-01,nam,Quảng Nam-Đà Nẵng,0,,,,TRUE
8,Phan Văn Chọn (Tư Văn),1927-01-13,nam,Tây Ninh,0,,,,TRUE
8,Dương Minh Chương,1945-10-15,nam,Hà Tuyên,0,,,,TRUE
8,Phạm Hoài Chương,1928-08-15,nam,Thuận Hải,0,,,,TRUE
8,Lê Công Cơ,1941-01-01,nam,Quảng Nam-Đà Nẵng,0,,,,TRUE
8,Tô Đình Cơ,1922-05-05,nam,Nghĩa Bình,0,,,,TRUE
8,Nguyễn Nhiêu Cốc,1930-12-10,nam,Hà Sơn Bình,0,,,,TRUE
8,Võ Chí Công,1913-09-07,nam,Quảng Nam-Đà Nẵng,0,,,,TRUE
8,Nguyễn Bá Cự,1956-12-25,nam,Hà Bắc,0,,,,TRUE
8,Vũ Đình Cự,1936-02-15,nam,TP Hà Nội,0,,,,TRUE
8,Trần Thị Cúc,1951-09-05,Nữ,Hà Bắc,0,,,,TRUE
8,Đỗ Khắc Cương,1930-01-15,nam,Hoàng Liên Sơn,0,,,,TRUE
8,Huỳnh Cương,1926-10-11,nam,Hậu Giang,0,,,,TRUE
8,Phạm Như Cương,1928-01-15,nam,Nghệ Tĩnh,0,,,,TRUE
8,Lê Văn Đạc,1947-07-05,nam,Nghệ Tĩnh,0,,,,TRUE
8,Trần Đình Đạm,1934-01-10,nam,Quảng Nam-Đà Nẵng,0,,,,TRUE
8,Trần Thị Tâm Đan,1939-11-29,Nữ,TP Hà Nội,0,,,,TRUE
8,Vương Ngươn Đán,1944-01-24,Nữ,Cửu Long,0,,,,TRUE
8,Hà Đăng (Đặng Ha),1929-07-15,nam,Phú Khánh,0,,,,TRUE
8,Nguyễn Thành Đăng (Nguyễn Hồng Chiêm),1934-01-01,nam,An Giang,0,,,,TRUE
8,Trần Văn Đăng,1933-02-01,nam,Vĩnh Phú,0,,,,TRUE
8,Trần Bạch Đằng,1935-07-14,nam,TP Hồ Chí Minh,0,,,,TRUE
8,Bạch Hưng Đào,1936-02-09,nam,Nghệ Tĩnh,0,,,,TRUE
8,Trần Thị Xuân Đào,1946-10-28,Nữ,Hải Hưng,0,,,,TRUE
8,Lê Quang Đạo,1921-08-08,nam,TP Hà Nội,0,,,,TRUE
8,Điểu De,1947-01-01,nam,Sông Bé,0,,,,TRUE
8,Đinh Văn Đê,1950-12-10,nam,Hà Nam Ninh,0,,,,TRUE
8,Vì Văn Đém,1949-01-01,nam,Sơn La,0,,,,TRUE
8,Nguyễn Văn Diễn,1941-08-15,nam,Hà Sơn Bình,0,,,,TRUE
8,Huỳnh Ngọc Điền,1953-01-01,nam,TP Hồ Chí Minh,0,,,,TRUE
8,Trần Diệp,1924-06-11,nam,Thanh Hoá,0,,,,TRUE
8,Hồ Văn Điều,1940-01-01,nam,Quảng Nam-Đà Nẵng,0,,,,TRUE
8,Lều Vũ Điều,1959-01-01,nam,Quảng Ninh,0,,,,TRUE
8,Nguyễn Cảnh Dinh,1934-06-14,nam,Nghệ Tĩnh,0,,,,TRUE
8,Đỗ Thị Kim Đính,1937-01-01,Nữ,Hải Hưng,0,,,,TRUE
8,Nguyễn Thị Định,1920-03-15,Nữ,TP Hồ Chí Minh,0,,,,TRUE
8,Trần Độ (Tạ Ngọc Phách),1923-01-01,nam,Thái Bình,0,,,,TRUE
8,Trần Văn Đông,1948-01-01,nam,Quảng Nam-Đà Nẵng,0,,,,TRUE
8,Đặng Văn Đồng,1938-10-10,nam,Hà Tuyên,0,,,,TRUE
8,Nguyễn Văn Động,1943-01-01,nam,Đồng Nai,0,,,,TRUE
8,Phan Xuân Đợt,1934-01-01,nam,Bến Tre,0,,,,TRUE
8,Nguyễn Huy Du,1926-01-01,nam,Hà Bắc,0,,,,TRUE
8,Nguyễn Xuân Du (Nguyễn Chí Công," Tám Cảnh)",1927-01-01,nam,Lâm Đồng,0,,,
8,Giàng Thị Dụ,1947-12-27,Nữ,Sơn La,0,,,,TRUE
8,Hà Quang Dự,1945-10-25,nam,Hà Bắc,0,,,,TRUE
8,Trần Thị Dự,1939-10-01,Nữ,Hà Nam Ninh,0,,,,TRUE
8,Lê Xuân Đức,1940-08-12,nam,Thanh Hoá,0,,,,TRUE
8,Nguyễn Văn Đức,1923-11-01,nam,Hà Tuyên,0,,,,TRUE
8,Dương Ngọc Đức,1930-01-01,nam,Hà Sơn Bình,0,,,,TRUE
8,Đinh Quang Dung,1941-04-19,nam,Hà Nam Ninh,0,,,,TRUE
8,Nguyễn Thị Kim Dung,1938-08-19,Nữ,Nghĩa Bình,0,,,,TRUE
8,Phương Kim Dung,1934-11-04,Nữ,TP Hà Nội,0,,,,TRUE
8,Trần Mỹ Dung,1956-09-19,Nữ,Hậu Giang,0,,,,TRUE
8,Nguyễn Thượng Dũng,1942-01-01,nam,Đắc Lắk,0,,,,TRUE
8,Nguyễn Việt Dũng,1926-08-09,nam,Hà Bắc,0,,,,TRUE
8,Trần Quang Dũng,1954-01-01,nam,Quảng Nam-Đà Nẵng,0,,,,TRUE
8,Trương Quang Được,1940-02-10,nam,TP Hải Phòng,0,,,,TRUE
8,Nguyễn Hữu Dương,1937-10-01,nam,Hà Nam Ninh,0,,,,TRUE
8,Nguyễn Khắc Dương,1944-08-19,nam,Thanh Hoá,0,,,,TRUE
8,Phạm Văn Đương,1934-01-01,nam,Minh Hải,0,,,,TRUE
8,Phạm Thế Duyệt,1936-08-10,nam,Quảng Ninh,0,,,,TRUE
8,Lê Văn Dỹ,1934-01-01,nam,Long An,0,,,,TRUE
8,Nguyễn Văn Gắt (Tư Tâm),1937-12-16,nam,Kiên Giang,0,,,,TRUE
8,Đinh Bình Giã,1941-05-01,nam,Hà Sơn Bình,0,,,,TRUE
8,Lư Giang (Lê Văn Long),1920-12-14,nam,TP Hà Nội,0,,,,TRUE
8,Đỗ Đình Giao,1936-04-29,nam,TP Hà Nội,0,,,,TRUE
8,Dương Hữu Giáo,1948-04-07,nam,Nghệ Tĩnh,0,,,,TRUE
8,Hoàng Văn Ha,1944-03-20,nam,Hải Hưng,0,,,,TRUE
8,Nguyễn Đức Hà,1959-10-05,nam,TP Hải Phòng,0,,,,TRUE
8,Nguyễn Ngọc Hà,1931-01-01,nam,TP Hồ Chí Minh,0,,,,TRUE
8,Trần Thái Hà,1951-10-15,nam,Tây Ninh,0,,,,TRUE
8,Phạm Minh Hạc,1935-01-01,nam,Hà Nam Ninh,0,,,,TRUE
8,Hoàng Trung Hải,1959-09-02,nam,Hải Hưng,0,,,,TRUE
8,Vũ Ngọc Hải,1931-01-01,nam,Quảng Ninh,0,,,,TRUE
8,Trương Ngọc Hân (Sáu Hân),1950-01-01,nam,Đồng Tháp,0,,,,TRUE
8,Cao Thị Hanh,1948-04-10,Nữ,Thanh Hoá,0,,,,TRUE
8,Trần Hanh (Trần Huy Hanh),1932-01-01,nam,Quảng Nam-Đà Nẵng,0,,,,TRUE
8,Âu Văn Hành,1954-02-28,nam,Hà Tuyên,0,,,,TRUE
8,Nguyễn Đức Hạnh,1939-01-01,nam,Thái Bình,0,,,,TRUE
8,Bùi Quang Hảo (Hai Mỏ),1932-01-01,nam,TP Hồ Chí Minh,0,,,,TRUE
8,Chu Hạp,1941-06-29,nam,Lạng Sơn,0,,,,TRUE
8,Phạm Bá Hạt,1940-01-01,nam,Bình Trị Thiên,0,,,,TRUE
8,Nguyễn Trung Hậu,1932-09-15,nam,Thuận Hải,0,,,,TRUE
8,Chu Đức Hiền,1945-12-08,nam,Hà Bắc,0,,,,TRUE
8,Phan Hiền (Lê Thụy Lan),1918-11-05,nam,TP Hà Nội,0,,,,TRUE
8,Nguyễn Trọng Hiển,1930-01-01,nam,Hải Hưng,0,,,,TRUE
8,Trần Quốc Hiện,1930-01-01,nam,Quảng Ninh,0,,,,TRUE
8,Nguyễn Văn Hiếu (Tư Hiếu),1942-03-03,nam,An Giang,0,,,,TRUE
8,Đỗ Chí Hiếu (Đỗ Quốc Hùng),1939-03-09,nam,Đặc khu Vũng Tàu - Côn Đảo,0,,,,TRUE
8,Nguyễn Văn Hiệu,1938-07-21,nam,Hà Sơn Bình,0,,,,TRUE
8,Trần Phước Hinh,1954-01-01,nam,Bình Trị Thiên,0,,,,TRUE
8,Bạch Công Hinh,1945-08-16,nam,Hà Bắc,0,,,,TRUE
8,Huỳnh Hùng Hổ (Ba Hổ),1932-08-15,nam,Minh Hải,0,,,,TRUE
8,Đặng Văn Hòa,1955-01-19,nam,Vĩnh Phú,0,,,,TRUE
8,Lê Văn Hòa (Tư Hòa),1950-04-01,nam,Cửu Long,0,,,,TRUE
8,Nguyễn Hòa,1927-01-01,nam,Thái Bình,0,,,,TRUE
8,Nguyễn Hòa,1936-12-20,nam,Bến Tre,0,,,,TRUE
8,Nguyễn Xuân Hòa,1956-10-18,nam,TP Hải Phòng,0,,,,TRUE
8,Trần Thị Hòa,1944-05-07,Nữ,Nghĩa Bình,0,,,,TRUE
8,Võ Hòa (Võ Tạo),1929-01-01,nam,Phú Khánh,0,,,,TRUE
8,Võ Thái Hòa,1937-01-01,nam,Đồng Tháp,0,,,,TRUE
8,Lê Văn Hoan,1931-01-01,nam,Bình Trị Thiên,0,,,,TRUE
8,Trần Hoàn,1928-01-01,nam,Bình Trị Thiên,0,,,,TRUE
8,Vũ Tuyên Hoàng,1938-12-02,nam,Hải Hưng,0,,,,TRUE
8,Huỳnh Văn Hoàng (Huỳnh Văn Hoàng),2937-01-01,nam,TP Hồ Chí Minh,0,,,,TRUE
8,Đặng Thành Học (Ba Thám),1938-08-20,nam,Minh Hải,0,,,,TRUE
8,Bàn Sinh Hội,1947-01-01,nam,Bắc Thái,0,,,,TRUE
8,Nguyễn Quý Hội,1929-11-06,nam,TP Hà Nội,0,,,,TRUE
8,Lê Phú Hội (Sáu Hội),1946-02-16,nam,An Giang,0,,,,TRUE
8,Nguyễn Thị Hợi,1948-08-12,Nữ,Thái Bình,0,,,,TRUE
8,Nguyễn Văn Hợi (Nguyễn Văn Linh),1929-01-01,nam,Đặc khu Vũng Tàu - Côn Đảo,0,,,,TRUE
8,Nguyễn Tiến Hồng,1950-10-09,nam,Nghệ Tĩnh,0,,,,TRUE
8,Phan Thị Hồng,1965-01-01,Nữ,Bắc Thái,0,,,,TRUE
8,Võ Phi Hồng,1935-07-26,nam,Nghĩa Bình,0,,,,TRUE
8,Đinh Gia Huấn,1932-08-01,nam,Hà Nam Ninh,0,,,,TRUE
8,Phạm Văn Huẩn,1945-01-01,nam,Đắc Lắk,0,,,,TRUE
8,Mai Thị Huê (Sáu Lý),1941-01-01,Nữ,TP Hồ Chí Minh,0,,,,TRUE
8,Vũ Thị Huê,1948-05-10,Nữ,Hải Hưng,0,,,,TRUE
8,Thạch Thị Huệ,1958-11-15,Nữ,TP Hà Nội,0,,,,TRUE
8,Nguyễn Thanh Hùng (Chín Hùng),1924-05-20,nam,Minh Hải,0,,,,TRUE
8,Nguyễn Thiết Hùng,1940-10-10,nam,Phú Khánh,0,,,,TRUE
8,Phạm Hùng,1912-06-11,nam,TP Hồ Chí Minh,0,,,,TRUE
8,Phùng Quang Hùng,1955-05-09,nam,Vĩnh Phú,0,,,,TRUE
8,Trần Nam Hùng,1932-05-05,nam,Tây Ninh,0,,,,TRUE
8,Phạm Hưng (Bùi Văn Tường),1927-01-15,nam,Hải Hưng,0,,,,TRUE
8,Trần Mai Hương,1941-06-28,Nữ,TP Hải Phòng,0,,,,TRUE
8,Trần Thị Nhị Hường,1937-03-03,Nữ,TP Hà Nội,0,,,,TRUE
8,Đặng Hữu,1932-01-02,nam,Nghĩa Bình,0,,,,TRUE
8,Nguyễn Văn Hữu,1953-01-01,nam,Đồng Tháp,0,,,,TRUE
8,Nguyễn Xuân Hữu (Nguyễn Hữu Trinh),1923-01-01,nam,Nghĩa Bình,0,,,,TRUE
8,Nguyễn Văn Huy,1955-03-10,nam,Nghệ Tĩnh,0,,,,TRUE
8,Trần Huy Huyên,1948-01-11,nam,Đồng Nai,0,,,,TRUE
8,Tôn Gia Huyên,1935-04-04,nam,Đồng Nai,0,,,,TRUE
8,Phạm Văn Hy (Tư Hy),1931-08-10,nam,Đồng Nai,0,,,,TRUE
8,Phan Khắc Hy,1927-01-01,nam,Vĩnh Phú,0,,,,TRUE
8,Lò Văn Inh,1937-01-03,nam,Lai Châu,0,,,,TRUE
8,Kră Jăn Jí,1952-01-01,Nữ,Lâm Đồng,0,,,,TRUE
8,Bùi Thị Kẻm (Bùi Thị Kẻm),1950-11-13,Nữ,Hà Sơn Bình,0,,,,TRUE
8,Nguyễn Kha,1958-01-01,nam,Tiền Giang,0,,,,TRUE
8,Trương Tôn Khả,1944-08-22,nam,Hà Nam Ninh,0,,,,TRUE
8,Nguyễn Khải,1930-01-01,nam,TP Hồ Chí Minh,0,,,,TRUE
8,Phan Văn Khải,1933-12-25,nam,TP Hồ Chí Minh,0,,,,TRUE
8,Hà Minh Khang,1931-02-17,nam,Vĩnh Phú,0,,,,TRUE
8,Trần Ngọc Khanh (Trần Vinh Dương),1927-11-06,nam,Sông Bé,0,,,,TRUE
8,Lê Quốc Khánh,1939-01-25,nam,Vĩnh Phú,0,,,,TRUE
8,Lê Thị Kim Khánh,1948-01-01,Nữ,TP Hồ Chí Minh,0,,,,TRUE
8,Nguyễn Khánh,1928-03-31,nam,Bắc Thái,0,,,,TRUE
8,Bùi Tấn Khắp,1960-06-17,nam,An Giang,0,,,,TRUE
8,Nguyễn Ngọc Khoa,1948-01-01,nam,Hà Sơn Bình,0,,,,TRUE
8,Bùi Duy Khư,1944-10-20,nam,TP Hải Phòng,0,,,,TRUE
8,Đoàn Khuê,1923-10-29,nam,Bình Trị Thiên,0,,,,TRUE
8,Phạm Văn Khuê,1951-01-01,nam,Thái Bình,0,,,,TRUE
8,Trương Thị Khuê,1944-10-13,Nữ,Bình Trị Thiên,0,,,,TRUE
8,Trần Văn Khuyên (Trần Văn Khuyên),1935-08-10,nam,Hà Sơn Bình,0,,,,TRUE
8,Lê Trung Kiên,1953-01-01,nam,Hải Hưng,0,,,,TRUE
8,Lâm Hùng Kiện,1957-08-11,nam,Hậu Giang,0,,,,TRUE
8,Phạm Văn Kiết (Năm Vận),1929-05-20,nam,Minh Hải,0,,,,TRUE
8,Võ Văn Kiệt (Phạm Văn Hòa (Sáu Dân)),1922-11-23,nam,Cửu Long,0,,,,TRUE
8,Nguyễn Thị Kiều,1947-01-01,Nữ,Thái Bình,0,,,,TRUE
8,Đinh Ngọc Kim,1953-01-01,nam,Thái Bình,0,,,,TRUE
8,Hồng Minh Kim,1953-01-01,nam,Cửu Long,0,,,,TRUE
8,Phạm Thị Kim,1955-06-10,Nữ,Hải Hưng,0,,,,TRUE
8,Trần Hoàn Kim,1952-07-06,nam,Cửu Long,0,,,,TRUE
8,Ksor Krơn (Nguyễn Văn Sỹ),1930-07-27,nam,Gia Lai-Kon Tum,0,,,,TRUE
8,Nguyễn Hồng Kỳ,1932-11-20,nam,Hà Nam Ninh,0,,,,TRUE
8,Vũ Kỳ (Vũ Long Chuẩn),1921-09-26,nam,Hà Sơn Bình,0,,,,TRUE
8,Lê Thanh Kỷ,1939-12-19,nam,Nghệ Tĩnh,0,,,,TRUE
8,Lương Xuân Lạc,1941-01-01,nam,Hà Nam Ninh,0,,,,TRUE
8,Nguyễn Ngọc Lài,1942-04-01,nam,Nghệ Tĩnh,0,,,,TRUE
8,Nguyễn Thanh Lâm,1932-01-01,nam,TP Hồ Chí Minh,0,,,,TRUE
8,Nguyễn Sùng Lãm (Nguyễn Văn Lãm),1926-01-01,nam,Quảng Ninh,0,,,,TRUE
8,Nguyễn Thị Ngọc Lan,1956-05-17,Nữ,Nghệ Tĩnh,0,,,,TRUE
8,Nguyễn Thị Thu Lan,1953-09-24,Nữ,Đồng Nai,0,,,,TRUE
8,Lê Trung Lân,1951-01-01,nam,Quảng Nam-Đà Nẵng,0,,,,TRUE
8,Mai Thúc Lân,1935-01-06,nam,Hà Bắc,0,,,,TRUE
8,Lê Thành Lập,1942-01-01,nam,Hậu Giang,0,,,,TRUE
8,Ngọc Văn Lập,1960-01-01,nam,Cao Bằng,0,,,,TRUE
8,Vũ Lập (Nông Văn Pách),1924-07-25,nam,Hoàng Liên Sơn,0,,,,TRUE
8,Bùi Văn Lê (Bùi Văn Huấn (Út Lê)),1945-10-07,nam,An Giang,0,,,,TRUE
8,Diệp Thị Lẹ,1941-07-20,Nữ,An Giang,0,,,,TRUE
8,Đinh Nho Liêm,1924-11-18,nam,Thanh Hoá,0,,,,TRUE
8,Nguyễn Hiếu Liêm,1959-01-01,nam,TP Hồ Chí Minh,0,,,,TRUE
8,Phan Thanh Liêm (Phan Nghi),1933-03-01,nam,Bình Trị Thiên,0,,,,TRUE
8,Trần Thanh Liêm (Ba Liêm),1951-01-01,nam,Minh Hải,0,,,,TRUE
8,Lê Thị Thanh Liêm (Lê Tiến),1946-12-29,Nữ,Bến Tre,0,,,,TRUE
8,Bùi Bích Liên,1941-12-19,Nữ,Lâm Đồng,0,,,,TRUE
8,La Thị Liên,1950-01-14,Nữ,Lạng Sơn,0,,,,TRUE
8,Trần Thị Liên,1950-04-01,Nữ,Hà Nam Ninh,0,,,,TRUE
8,Trần Thị Liên,1953-03-14,Nữ,TP Hà Nội,0,,,,TRUE
8,Vũ Duy Liên,1939-12-31,nam,Hà Nam Ninh,0,,,,TRUE
8,Vũ Thị Liên,1958-02-24,Nữ,TP Hải Phòng,0,,,,TRUE
8,Võ Thị Liễu (Năm Liễu),1931-01-01,Nữ,Kiên Giang,0,,,,TRUE
8,Mai Thanh Liểu,1951-01-01,nam,Cửu Long,0,,,,TRUE
8,Nguyễn Văn Linh (Nguyễn Văn Cúc),1915-07-01,nam,TP Hà Nội,0,,,,TRUE
8,Nguyễn Thị Lĩnh,1949-06-26,Nữ,Hà Bắc,0,,,,TRUE
8,Vũ Thị Lo,1954-04-09,Nữ,Hải Hưng,0,,,,TRUE
8,Dương Tấn Lộc (Sáu Hải),1938-09-02,nam,Hậu Giang,0,,,,TRUE
8,Đào Tấn Lộc,1953-01-01,nam,Phú Khánh,0,,,,TRUE
8,Hoàng Thế Lộc,1937-10-20,nam,TP Hà Nội,0,,,,TRUE
8,Trần Thế Lộc (Bảy Phong),1934-09-13,nam,An Giang,0,,,,TRUE
8,Ngô Thị Lợi,1951-08-11,Nữ,Hà Bắc,0,,,,TRUE
8,Phạm Lợi,1938-04-08,nam,TP Hà Nội,0,,,,TRUE
8,Phạm Văn Lợi,1951-05-01,nam,Tây Ninh,0,,,,TRUE
8,Trương Đình Long,1937-09-27,nam,Vĩnh Phú,0,,,,TRUE
8,Nông Quang Lù,1939-11-29,nam,Hà Tuyên,0,,,,TRUE
8,Nguyễn Thị Luật,1944-10-10,Nữ,Hà Bắc,0,,,,TRUE
8,Nguyễn Tấn Lực,1943-07-12,nam,Tiền Giang,0,,,,TRUE
8,Trần Văn Lực,1958-02-21,nam,Long An,0,,,,TRUE
8,Đậu Thị Lương,1950-10-20,Nữ,Nghệ Tĩnh,0,,,,TRUE
8,Nguyễn Văn Lương,1928-01-01,nam,Bình Trị Thiên,0,,,,TRUE
8,Trần Đức Lương,1937-05-05,nam,Nghĩa Bình,0,,,,TRUE
8,Bùi Danh Lưu,1935-08-28,nam,Vĩnh Phú,0,,,,TRUE
8,Trần Thị Lưu,1952-05-06,Nữ,Đồng Nai,0,,,,TRUE
8,Nguyễn Trực Luyện,1936-10-15,nam,Kiên Giang,0,,,,TRUE
8,Đặng Văn Lý (Mười Đôi),1929-03-25,nam,Tây Ninh,0,,,,TRUE
8,Lê Thị Thanh Mai (Lê Thị Thảo),1949-01-01,Nữ,Tiền Giang,0,,,,TRUE
8,Vũ Đình Mai,1935-01-01,nam,Hà Nam Ninh,0,,,,TRUE
8,Hồ Minh Mẫn,1929-07-14,nam,Cửu Long,0,,,,TRUE
8,Nông Đức Mạnh,1940-09-11,nam,Lạng Sơn,0,,,,TRUE
8,Phan Thị Mão,1950-01-01,Nữ,Cao Bằng,0,,,,TRUE
8,Sang Văn Mão,1939-01-01,nam,Đồng Nai,0,,,,TRUE
8,Vũ Mão,1939-12-19,nam,Hà Nam Ninh,0,,,,TRUE
8,Lò Phù Mé,1957-05-04,Nữ,Lai Châu,0,,,,TRUE
8,Đào Xuân Miễn,1927-01-01,nam,Hải Hưng,0,,,,TRUE
8,Đỗ Tấn Minh,1950-01-01,nam,Tiền Giang,0,,,,TRUE
8,Hoàng Trường Minh (Hoàng Khải Luận),1922-12-01,nam,Lạng Sơn,0,,,,TRUE
8,Nguyễn Thị Hồng Minh,1951-07-02,Nữ,Minh Hải,0,,,,TRUE
8,Đỗ Mười,1917-02-02,nam,Nghệ Tĩnh,0,,,,TRUE
8,Lê Thị Mỹ,1940-01-01,Nữ,Hà Sơn Bình,0,,,,TRUE
8,Nguyễn Vĩnh Mỹ,1934-10-09,nam,TP Hồ Chí Minh,0,,,,TRUE
8,Trần Chí Nam (Trần Văn Chiểm),1945-01-01,nam,Tiền Giang,0,,,,TRUE
8,Nguyễn Thị Nết,1959-01-28,Nữ,Hải Hưng,0,,,,TRUE
8,Nguyễn Xuân Ngại,1946-01-01,nam,Bình Trị Thiên,0,,,,TRUE
8,Hoàng Đức Nghi,1940-05-06,nam,TP Hải Phòng,0,,,,TRUE
8,Nguyễn Vĩnh Nghiệp,1950-01-01,nam,TP Hồ Chí Minh,0,,,,TRUE
8,Nguyễn Đình Ngộ,1935-12-20,nam,Bình Trị Thiên,0,,,,TRUE
8,Phan Thị Ngoạn,1948-09-05,Nữ,Hải Hưng,0,,,,TRUE
8,Nguyễn Hoài Ngọc,1949-10-01,nam,Nghệ Tĩnh,0,,,,TRUE
8,Trần Quang Ngọc,1938-01-21,nam,Hà Nam Ninh,0,,,,TRUE
8,Đàm Văn Ngụy,1928-05-01,nam,Bắc Thái,0,,,,TRUE
8,Đồng Sỹ Nguyên (Đồng Sỹ Nguyên (Nguyễn Văn Đồng)),1923-03-01,nam,Thanh Hoá,0,,,,TRUE
8,Võ Trọng Nguyễn,1929-03-21,nam,Nghĩa Bình,0,,,,TRUE
8,Bá Nguyệt,1957-08-06,nam,Thuận Hải,0,,,,TRUE
8,Lò Văn Nhài,1936-07-07,nam,Hoàng Liên Sơn,0,,,,TRUE
8,Đặng Văn Nhàn (Ba Nhàn),1947-12-30,nam,Kiên Giang,0,,,,TRUE
8,Lê Thanh Nhàn (Ba Râu),1932-01-01,nam,Hậu Giang,0,,,,TRUE
8,Trần Văn Nhẫn,1927-08-02,nam,Hà Nam Ninh,0,,,,TRUE
8,Trần Văn Nhẫn,1934-03-20,nam,Nghĩa Bình,0,,,,TRUE
8,Nguyễn Thị Nhất,1963-01-01,Nữ,Quảng Ninh,0,,,,TRUE
8,Trần Trung Nhật,1943-02-04,nam,Hà Tuyên,0,,,,TRUE
8,Lê Minh Nhơn,1956-07-31,nam,An Giang,0,,,,TRUE
8,Trịnh Kim Như,1935-03-23,nam,Thuận Hải,0,,,,TRUE
8,Hồ Thị Hồng Nhung,1948-10-10,Nữ,Bến Tre,0,,,,TRUE
8,Trần Văn Nhương,1949-12-15,nam,Nghệ Tĩnh,0,,,,TRUE
8,Y Ngông Niêkđăm,1922-08-13,nam,Đắc Lắk,0,,,,TRUE
8,Chử Thị Ninh,1948-06-15,Nữ,Vĩnh Phú,0,,,,TRUE
8,Nguyễn Thị Nở,1945-12-30,Nữ,Phú Khánh,0,,,,TRUE
8,Lâm Nuôl (Lâm Nuôl),1939-06-13,nam,Minh Hải,0,,,,TRUE
8,Lê Ngọc Oa (Lê Đắc Oa),1939-01-01,nam,Hải Hưng,0,,,,TRUE
8,Vũ Oanh (Vũ Duy Trương),1924-09-16,nam,Hải Hưng,0,,,,TRUE
8,Nguyễn Xuân Oánh,1921-01-01,nam,TP Hồ Chí Minh,0,,,,TRUE
8,Y Pah (Y Một),1939-01-01,Nữ,Gia Lai-Kon Tum,0,,,,TRUE
8,Vừ Chông Pao,1930-09-01,nam,Nghệ Tĩnh,0,,,,TRUE
8,Giàng A Páo,1931-01-01,nam,Lai Châu,0,,,,TRUE
8,Chúng Thị Phà,1943-07-15,Nữ,Hà Tuyên,0,,,,TRUE
8,Trần Văn Phác (Văn Phác),1926-12-29,nam,Hải Hưng,0,,,,TRUE
8,Nguyễn Hà Phan (Phạm Văn Khoa," Sáu Phan)",1933-02-02,nam,Hậu Giang,0,,,
8,Ngô Huy Phan,1924-01-01,nam,Bắc Thái,0,,,,TRUE
8,Mẫu Thị Bích Phanh,1948-12-20,Nữ,Thuận Hải,0,,,,TRUE
8,Huỳnh Tấn Phát,1913-01-01,nam,Tiền Giang,0,,,,TRUE
8,Sử Mạnh Phi,1953-01-14,nam,Vĩnh Phú,0,,,,TRUE
8,Võ Thị Hồng Phiếu,1952-10-20,Nữ,Bình Trị Thiên,0,,,,TRUE
8,Trương Công Phò,1942-02-15,nam,Tiền Giang,0,,,,TRUE
8,Vũ Viết Phố,1946-02-28,nam,Thái Bình,0,,,,TRUE
8,Nguyễn Thanh Phong (Bảy Phong),1929-07-30,nam,Đồng Tháp,0,,,,TRUE
8,Lê Hữu Phòng (Lê Hữu Phòng),1937-05-15,nam,TP Hà Nội,0,,,,TRUE
8,Nguyễn Văn Phòng (Nguyễn Phong),1953-05-19,nam,An Giang,0,,,,TRUE
8,Bùi Quốc Phú,1951-01-11,nam,Hà Bắc,0,,,,TRUE
8,Lâm Phú,1939-10-01,nam,Cửu Long,0,,,,TRUE
8,Trần Nam Phú,1937-01-01,nam,Hậu Giang,0,,,,TRUE
8,Nguyễn Văn Phúc (Mười Tất),1937-01-01,nam,Kiên Giang,0,,,,TRUE
8,Phan Hữu Phục (Tám Phục),1930-11-15,nam,Cửu Long,0,,,,TRUE
8,Trần Đình Phùng (Hồng Hải),1950-06-20,nam,Hải Hưng,0,,,,TRUE
8,Bùi Phùng (Bùi Văn Thận),1920-01-01,nam,Hà Bắc,0,,,,TRUE
8,Phạm Văn Phụng,1953-01-28,nam,Thanh Hoá,0,,,,TRUE
8,Trần Minh Phụng,1937-01-01,nam,Tiền Giang,0,,,,TRUE
8,Đoái Văn Phước (Ba Phước),1939-01-01,nam,Kiên Giang,0,,,,TRUE
8,Lê Thị Phước,1942-08-20,Nữ,Quảng Nam-Đà Nẵng,0,,,,TRUE
8,Mao Hồng Phước,1952-01-01,nam,Đồng Tháp,0,,,,TRUE
8,Trần Hữu Phước (Phạm Văn Khuyên),1931-01-01,nam,Tiền Giang,0,,,,TRUE
8,Nguyễn Thị Minh Phương,1948-12-19,Nữ,TP Hải Phòng,0,,,,TRUE
8,Phạm Phương,1941-10-26,nam,TP Hồ Chí Minh,0,,,,TRUE
8,Phạm Thành Phương,1942-01-01,nam,Đồng Nai,0,,,,TRUE
8,Nguyễn Thị Ngọc Phượng,1944-03-10,Nữ,TP Hồ Chí Minh,0,,,,TRUE
8,Príu Prăm,1931-12-01,nam,Quảng Nam-Đà Nẵng,0,,,,TRUE
8,A Ma Pui (YLiă MJâo),1932-06-26,nam,Đắc Lắk,0,,,,TRUE
8,Trần Hồng Quân,1937-02-15,nam,TP Hồ Chí Minh,0,,,,TRUE
8,Hồ Thu Quang,1934-03-09,nam,Nghệ Tĩnh,0,,,,TRUE
8,Phan Quang,1928-08-15,nam,Thái Bình,0,,,,TRUE
8,Triệu Quang,1942-01-01,nam,Bắc Thái,0,,,,TRUE
8,Nguyễn Minh Quát,1930-09-01,nam,Lạng Sơn,0,,,,TRUE
8,Hoàng Quy,1927-10-17,nam,TP Hà Nội,0,,,,TRUE
8,Bàn Hữu Quyên (Bàn Tón Tẳng),1960-07-29,nam,Hoàng Liên Sơn,0,,,,TRUE
8,Nguyễn Quyết (Nguyễn Tiến Văn),1922-01-01,nam,TP Hải Phòng,0,,,,TRUE
8,Trần Quyết (Phạm Văn Côn),1922-02-12,nam,TP Hà Nội,0,,,,TRUE
8,Chu Thúy Quỳnh,1941-10-10,Nữ,TP Hà Nội,0,,,,TRUE
8,Nguyễn Văn Răng,1935-10-25,nam,TP Hồ Chí Minh,0,,,,TRUE
8,Nguyễn Thị Ráo (Nguyễn Thị Thi (Ba Thi)),1922-08-15,Nữ,TP Hồ Chí Minh,0,,,,TRUE
8,Đinh Ngọc Reo,1938-12-30,nam,Nghĩa Bình,0,,,,TRUE
8,Hà Thị Riên,1944-01-01,Nữ,Bình Trị Thiên,0,,,,TRUE
8,Vũ Mạnh Rinh (Vũ Tuấn Dương),1938-08-16,nam,Thái Bình,0,,,,TRUE
8,Điểu Thị Hà Rốt,1948-12-01,Nữ,Sông Bé,0,,,,TRUE
8,Đỗ Quốc Sam,1929-05-29,nam,TP Hải Phòng,0,,,,TRUE
8,Nông Văn Sam,1951-10-20,nam,Hoàng Liên Sơn,0,,,,TRUE
8,Nguyễn Xuân Sáng,1948-10-09,nam,TP Hà Nội,0,,,,TRUE
8,Nguyễn Văn Sáu (Sáu Dò),1932-01-01,nam,Tây Ninh,0,,,,TRUE
8,Châu Kim Sêng,1958-01-02,nam,An Giang,0,,,,TRUE
8,Phùn Hợp Sềnh,1940-01-01,nam,Quảng Ninh,0,,,,TRUE
8,Hòa thượng Thích Thiện Siêu (Võ Trọng Tường),1921-07-15,nam,Bình Trị Thiên,0,,,,TRUE
8,Nguyễn Nguyên Sinh (Nguyễn Ngọc Mạo (tức Mại)),1925-10-15,nam,Hà Nam Ninh,0,,,,TRUE
8,Nguyễn Quyền Sinh (Nguyễn Ngọc Lượm),1925-01-01,nam,TP Hồ Chí Minh,0,,,,TRUE
8,Cao Thị Sở,1942-01-01,Nữ,Hậu Giang,0,,,,TRUE
8,Bùi Xuân Sơn,1939-02-05,nam,Hà Nam Ninh,0,,,,TRUE
8,Chu Phạm Ngọc Sơn,1936-04-10,nam,TP Hồ Chí Minh,0,,,,TRUE
8,Hoàng Bích Sơn (Hồ Liên),1926-07-10,nam,Thuận Hải,0,,,,TRUE
8,Lê Thanh Sơn (Ba Ngay),1941-01-01,nam,Hậu Giang,0,,,,TRUE
8,Lê Trung Sơn (Trung Kiên),1937-11-02,nam,Đồng Tháp,0,,,,TRUE
8,Nguyễn Nam Sơn,1946-12-15,nam,Thanh Hoá,0,,,,TRUE
8,Trần Thị Sửa,1946-10-15,Nữ,Long An,0,,,,TRUE
8,Hà Thị Thu Sương,1940-12-12,Nữ,Quảng Nam-Đà Nẵng,0,,,,TRUE
8,Trần Ngọc Sương,1948-01-01,Nữ,Hậu Giang,0,,,,TRUE
8,Nguyễn Tài,1926-01-01,nam,Hải Hưng,0,,,,TRUE
8,Lê Tài,1928-06-05,nam,Bình Trị Thiên,0,,,,TRUE
8,Huỳnh Công Tâm,1932-05-11,nam,Nghĩa Bình,0,,,,TRUE
8,Nguyễn Đức Tâm (Nguyễn Đức Kiêm),1920-01-01,nam,Thái Bình,0,,,,TRUE
8,Nguyễn Hoàng Tâm (Hoàng Tâm),1943-10-10,nam,Cửu Long,0,,,,TRUE
8,Nguyễn Thị Tân,1950-09-08,Nữ,TP Hà Nội,0,,,,TRUE
8,Trần Trọng Tân (Hai Tân),1926-01-01,nam,Bình Trị Thiên,0,,,,TRUE
8,Lê Văn Tấn,1937-09-03,nam,Nghĩa Bình,0,,,,TRUE
8,Trần Tấn,1927-08-07,nam,TP Hà Nội,0,,,,TRUE
8,Nguyễn Công Tạn,1935-01-06,nam,TP Hà Nội,0,,,,TRUE
8,Sô Lây Tăng,1937-10-02,nam,Gia Lai-Kon Tum,0,,,,TRUE
8,Hà Tăng,1941-01-01,nam,TP Hồ Chí Minh,0,,,,TRUE
8,Phan Minh Tánh (Chín Đào),1929-02-12,nam,Đồng Tháp,0,,,,TRUE
8,Đặng Hữu Thạch (Bốn Thạch),1930-12-08,nam,Kiên Giang,0,,,,TRUE
8,Nguyễn Cơ Thạch,1921-01-01,nam,Hà Sơn Bình,0,,,,TRUE
8,Hoàng Hữu Thái,1925-03-05,nam,Phú Khánh,0,,,,TRUE
8,Nông Hồng Thái,1939-07-24,nam,Cao Bằng,0,,,,TRUE
8,Lê Quang Thẩm,1931-06-01,nam,Long An,0,,,,TRUE
8,Nguyễn Thị Thân,1937-08-14,Nữ,Hà Nam Ninh,0,,,,TRUE
8,Hoàng Minh Thắng,1927-10-20,nam,Quảng Nam-Đà Nẵng,0,,,,TRUE
8,Nguyễn Cao Thắng,1941-01-01,nam,Hà Sơn Bình,0,,,,TRUE
8,Nguyễn Duy Thắng,1936-08-17,nam,Đồng Nai,0,,,,TRUE
8,Nguyễn Chí Thanh,1950-01-01,nam,Hà Sơn Bình,0,,,,TRUE
8,Nguyễn Thị Thanh,1963-11-13,nam,Thanh Hoá,0,,,,TRUE
8,Nguyễn Thị Mai Thanh,1945-01-01,Nữ,TP Hồ Chí Minh,0,,,,TRUE
8,Phan Minh Thanh,1937-10-12,nam,Tiền Giang,0,,,,TRUE
8,Trần Minh Thanh,1955-01-01,nam,Bắc Thái,0,,,,TRUE
8,Đoàn Duy Thành (Đoàn Hữu Tòng),1929-01-01,nam,TP Hải Phòng,0,,,,TRUE
8,Ngô Bá Thành (Phạm Thị Thanh Vân),1931-09-25,Nữ,TP Hồ Chí Minh,0,,,,TRUE
8,Nguyễn Văn Thạnh (Nguyễn Văn Sáng),1932-12-08,nam,Long An,0,,,,TRUE
8,Đặng Thí,1921-01-01,nam,Thanh Hoá,0,,,,TRUE
8,Đặng Minh Thiên (Văn An),1937-09-30,nam,Bến Tre,0,,,,TRUE
8,Nguyễn Thị Thiềng,1948-06-06,Nữ,Thái Bình,0,,,,TRUE
8,Nguyễn Trí Thiệu,1951-05-23,nam,Thanh Hoá,0,,,,TRUE
8,Trần Công Thìn,1942-07-20,nam,Hà Nam Ninh,0,,,,TRUE
8,Nguyễn Thành Thơ (Nguyễn Kiến Lập (Mười Khẩn)),1925-10-03,nam,Cửu Long,0,,,,TRUE
8,Mai Chí Thọ (Phan Đình Đông),1922-01-01,nam,Hà Nam Ninh,0,,,,TRUE
8,Nguyễn Hữu Thọ (Ba Nghĩa),1910-07-10,nam,TP Hồ Chí Minh,0,,,,TRUE
8,Nguyễn Tùng Thọ,1948-01-01,nam,Hậu Giang,0,,,,TRUE
8,Lê Phước Thọ (Sáu Hậu),1927-12-25,nam,Hậu Giang,0,,,,TRUE
8,Đinh Thoang,1940-10-10,nam,Nghĩa Bình,0,,,,TRUE
8,Nguyễn Đình Thông,1937-01-01,nam,Phú Khánh,0,,,,TRUE
8,Nguyễn Thị Hoài Thu,1943-11-26,Nữ,Tiền Giang,0,,,,TRUE
8,Phan Thu,1931-06-16,nam,Thanh Hoá,0,,,,TRUE
8,Nguyễn Thụ (Nguyễn Văn Thụ),1934-03-04,nam,TP Hà Nội,0,,,,TRUE
8,Ca Lê Thuần,1938-04-01,nam,TP Hồ Chí Minh,0,,,,TRUE
8,Nguyễn Văn Thuần,1936-04-20,nam,Thuận Hải,0,,,,TRUE
8,Đinh Văn Thuận,1932-01-01,nam,Sơn La,0,,,,TRUE
8,Nguyễn Quốc Thước,1926-02-03,nam,Nghệ Tĩnh,0,,,,TRUE
8,Hoàng Văn Thượng,1948-01-01,nam,Cao Bằng,0,,,,TRUE
8,Tô Thị Thủy,1951-10-29,Nữ,Thái Bình,0,,,,TRUE
8,Đặng Quân Thụy,1928-02-24,nam,Hoàng Liên Sơn,0,,,,TRUE
8,Đinh Tiêk,1946-01-01,nam,Gia Lai-Kon Tum,0,,,,TRUE
8,Phan Văn Tiệm,1933-11-23,nam,Nghệ Tĩnh,0,,,,TRUE
8,Bùi Khắc Tiến,1947-05-21,nam,Thanh Hoá,0,,,,TRUE
8,Đặng Quốc Tiến,1947-04-14,nam,Bắc Thái,0,,,,TRUE
8,Phan Tân Tiến,1938-12-12,nam,Hậu Giang,0,,,,TRUE
8,Bùi Sỹ Tiếu,1947-04-07,nam,Thái Bình,0,,,,TRUE
8,Giàng Seo Tính,1947-12-30,nam,Hoàng Liên Sơn,0,,,,TRUE
8,Lê Văn Toàn,1935-06-15,nam,Thanh Hoá,0,,,,TRUE
8,Lê Minh Tới,1934-01-01,nam,Hậu Giang,0,,,,TRUE
8,Nguyễn Xuân Trạc,1939-12-27,nam,Thanh Hoá,0,,,,TRUE
8,Huỳnh Thanh Trâm (Bảy Thủy),1935-01-01,nam,Minh Hải,0,,,,TRUE
8,Lê Văn Triết,1930-01-01,nam,TP Hồ Chí Minh,0,,,,TRUE
8,Linh mục Võ Thành Trinh,1916-01-01,nam,Đồng Tháp,0,,,,TRUE
8,Nguyễn Tấn Trịnh,1936-12-20,nam,Thuận Hải,0,,,,TRUE
8,Nguyễn Ngọc Trìu,1927-08-01,nam,Thái Bình,0,,,,TRUE
8,Trần Văn Trọng (Nhứt Trọng),1931-11-11,nam,Bến Tre,0,,,,TRUE
8,Trương Vĩnh Trọng (Hai Nghĩa),1942-11-11,nam,Bến Tre,0,,,,TRUE
8,Phan Lương Trực (Đỗ Hữu Công),1930-01-01,nam,Tiền Giang,0,,,,TRUE
8,Dương Việt Trung (Dương Văn Phương),1932-08-15,nam,Hậu Giang,0,,,,TRUE
8,Đàm Quang Trung,1921-01-01,nam,Cao Bằng,0,,,,TRUE
8,Lý Chánh Trung,1928-01-01,nam,TP Hồ Chí Minh,0,,,,TRUE
8,Trần Hiếu Trung,1949-01-01,nam,An Giang,0,,,,TRUE
8,Đỗ Quang Trung,1946-01-20,nam,Quảng Ninh,0,,,,TRUE
8,Nguyễn Văn Tư (Nguyễn Văn Huấn),1936-03-14,nam,TP Hồ Chí Minh,0,,,,TRUE
8,Nguyễn Đình Tứ,1932-10-01,nam,Thanh Hoá,0,,,,TRUE
8,Phan Tứ,1930-12-20,nam,Quảng Nam-Đà Nẵng,0,,,,TRUE
8,Trần Thiện Tứ,1939-01-01,nam,TP Hồ Chí Minh,0,,,,TRUE
8,Lê Thanh Từ,1960-01-18,nam,Thanh Hoá,0,,,,TRUE
8,Linh mục Phan Khắc Từ,1941-12-28,nam,TP Hồ Chí Minh,0,,,,TRUE
8,Hòa thượng Kim Cương Tử,1914-10-16,nam,TP Hà Nội,0,,,,TRUE
8,Vũ Tuân,1922-01-01,nam,Hải Hưng,0,,,,TRUE
8,K' Tuất (K'Tuất),1937-12-15,nam,Lâm Đồng,0,,,,TRUE
8,Hồ Tứi,1940-01-01,nam,Bình Trị Thiên,0,,,,TRUE
8,Bùi Đức Tùng,1928-01-01,nam,Nghệ Tĩnh,0,,,,TRUE
8,Đào Tùng (Đỗ Trung Thành),1925-10-15,nam,Bình Trị Thiên,0,,,,TRUE
8,Lê Minh Tùng,1952-06-23,nam,An Giang,0,,,,TRUE
8,Nguyễn Thanh Tùng,1933-12-19,nam,Đồng Nai,0,,,,TRUE
8,Phan Ngọc Tường,1929-02-12,nam,Hà Sơn Bình,0,,,,TRUE
8,Phùng Văn Tửu,1923-07-22,nam,Vĩnh Phú,0,,,,TRUE
8,Đặng Phúc Tựu,1944-02-08,nam,Hà Nam Ninh,0,,,,TRUE
8,Phạm Xuân Tùy,1939-06-06,nam,Nghệ Tĩnh,0,,,,TRUE
8,Lê Xuân Tuyến,1956-04-24,nam,Thanh Hoá,0,,,,TRUE
8,Nguyễn Ánh Tuyết,1941-01-01,Nữ,TP Hồ Chí Minh,0,,,,TRUE
8,Vy Thị Tuyết,1953-04-02,Nữ,Nghệ Tĩnh,0,,,,TRUE
8,Nguyễn Thị Thủy Vân,1950-11-11,Nữ,Long An,0,,,,TRUE
8,Nguyễn Như Vĩ,1944-10-21,nam,Nghệ Tĩnh,0,,,,TRUE
8,Dương Viên,1931-02-22,nam,Hà Bắc,0,,,,TRUE
8,Nguyễn Hồng Viên,1932-01-01,nam,Gia Lai-Kon Tum,0,,,,TRUE
8,Lê Quang Viễn (Bảy Viễn),1928-01-01,nam,Đồng Tháp,0,,,,TRUE
8,Phạm Văn Việt,1942-04-02,nam,Vĩnh Phú,0,,,,TRUE
8,Thái Văn Vinh (Thái Vinh),1942-01-01,nam,Đồng Tháp,0,,,,TRUE
8,Trương Nghiệp Vũ,1941-07-10,nam,Thuận Hải,0,,,,TRUE
8,Từ Tân Vũ (Tân Châu),1934-08-20,nam,Nghĩa Bình,0,,,,TRUE
8,Nguyễn Anh Vững,1949-09-23,nam,Nghệ Tĩnh,0,,,,TRUE
8,Nguyễn Xiển,1907-07-27,nam,TP Hà Nội,0,,,,TRUE
8,Đặng Hồi Xuân,1929-02-02,nam,TP Hải Phòng,0,,,,TRUE
8,Đậu Ngọc Xuân,1927-02-03,nam,Nghệ Tĩnh,0,,,,TRUE
8,Nguyễn Văn Xuân (Thanh Bình),1945-01-01,nam,Cửu Long,0,,,,TRUE
8,Võ Tòng Xuân,1940-09-06,nam,Hậu Giang,0,,,,TRUE
8,Y Xuôi,1949-05-12,Nữ,Gia Lai-Kon Tum,0,,,,TRUE
8,Nguyễn Trọng Xuyên,1926-10-10,nam,Hà Nam Ninh,0,,,,TRUE
8,Trịnh Văn Y (Mai Sơn),1942-03-27,nam,Bến Tre,0,,,,TRUE
8,Nghiêm Xuân Yêm,1913-03-19,nam,TP Hà Nội,0,,,,TRUE
